user_id,username,password_hash,created_at
1,user1,pbkdf2:sha256:demo-password-hash,2026-05-16 13:51:58
2,user2,pbkdf2:sha256:demo-password-hash,2026-05-16 13:51:58
3,user3,pbkdf2:sha256:demo-password-hash,2026-05-16 13:51:58
4,user4,pbkdf2:sha256:demo-password-hash,2026-05-16 13:51:58
5,user5,pbkdf2:sha256:demo-password-hash,2026-05-16 13:51:58
6,user6,pbkdf2:sha256:demo-password-hash,2026-05-16 13:51:58
7,user7,pbkdf2:sha256:demo-password-hash,2026-05-16 13:51:58
8,user8,pbkdf2:sha256:demo-password-hash,2026-05-16 13:51:58
9,user9,pbkdf2:sha256:demo-password-hash,2026-05-16 13:51:58
10,user10,pbkdf2:sha256:demo-password-hash,2026-05-16 13:51:58
